,DateTime,venue_name,longitude,latitude,sold_count,start_end
0,2019-08-09 20:00:00,Jupiter Artland,-3.421135,55.901305,265,start
1,2019-08-10 17:00:00,Jupiter Artland,-3.421135,55.901305,190,start
2,2019-08-10 20:00:00,Jupiter Artland,-3.421135,55.901305,154,start
3,2019-08-11 17:00:00,Jupiter Artland,-3.421135,55.901305,632,start
4,2019-08-11 20:00:00,Jupiter Artland,-3.421135,55.901305,132,start
5,2019-08-02 19:00:00,Tynecastle Park,-3.232222,55.939167,3487,start
6,2019-08-05 11:00:00,Church Hill Theatre Studio,-3.209742,55.932703,185,start
7,2019-08-06 11:00:00,Church Hill Theatre Studio,-3.209742,55.932703,10,start
8,2019-08-03 18:00:00,Church Hill Theatre,-3.209666,55.932678,147,start
9,2019-08-04 14:00:00,Church Hill Theatre,-3.209666,55.932678,266,start
10,2019-08-04 18:00:00,Church Hill Theatre,-3.209666,55.932678,45,start
11,2019-08-05 18:00:00,Church Hill Theatre,-3.209666,55.932678,261,start
12,2019-08-06 18:00:00,Church Hill Theatre,-3.209666,55.932678,296,start
13,2019-08-09 19:30:00,Church Hill Theatre,-3.209666,55.932678,380,start
14,2019-08-10 19:30:00,Church Hill Theatre,-3.209666,55.932678,461,start
15,2019-08-11 15:00:00,Church Hill Theatre,-3.209666,55.932678,199,start
16,2019-08-11 19:30:00,Church Hill Theatre,-3.209666,55.932678,135,start
17,2019-08-12 19:30:00,Church Hill Theatre,-3.209666,55.932678,290,start
18,2019-08-13 19:30:00,Church Hill Theatre,-3.209666,55.932678,243,start
19,2019-08-15 15:00:00,Church Hill Theatre,-3.209666,55.932678,175,start
20,2019-08-15 19:30:00,Church Hill Theatre,-3.209666,55.932678,100,start
21,2019-08-16 19:30:00,Church Hill Theatre,-3.209666,55.932678,116,start
22,2019-08-17 15:00:00,Church Hill Theatre,-3.209666,55.932678,196,start
23,2019-08-17 19:30:00,Church Hill Theatre,-3.209666,55.932678,251,start
24,2019-08-18 19:30:00,Church Hill Theatre,-3.209666,55.932678,148,start
25,2019-08-19 19:30:00,Church Hill Theatre,-3.209666,55.932678,192,start
26,2019-08-20 19:30:00,Church Hill Theatre,-3.209666,55.932678,386,start
27,2019-08-22 15:00:00,Church Hill Theatre,-3.209666,55.932678,281,start
28,2019-08-22 19:30:00,Church Hill Theatre,-3.209666,55.932678,136,start
29,2019-08-23 19:30:00,Church Hill Theatre,-3.209666,55.932678,138,start
30,2019-08-24 15:00:00,Church Hill Theatre,-3.209666,55.932678,140,start
31,2019-08-24 19:30:00,Church Hill Theatre,-3.209666,55.932678,101,start
32,2019-08-25 19:30:00,Church Hill Theatre,-3.209666,55.932678,122,start
33,2019-08-03 19:00:00,Usher Hall,-3.205368,55.947239,4025,start
34,2019-08-04 15:30:00,Usher Hall,-3.205368,55.947239,325,start
35,2019-08-04 19:30:00,Usher Hall,-3.205368,55.947239,4031,start
36,2019-08-05 20:00:00,Usher Hall,-3.205368,55.947239,3801,start
37,2019-08-06 20:00:00,Usher Hall,-3.205368,55.947239,3210,start
38,2019-08-07 20:00:00,Usher Hall,-3.205368,55.947239,2784,start
39,2019-08-08 19:30:00,Usher Hall,-3.205368,55.947239,1682,start
40,2019-08-09 20:00:00,Usher Hall,-3.205368,55.947239,3775,start
41,2019-08-10 19:45:00,Usher Hall,-3.205368,55.947239,2464,start
42,2019-08-11 20:00:00,Usher Hall,-3.205368,55.947239,1292,start
43,2019-08-12 19:30:00,Usher Hall,-3.205368,55.947239,2390,start
44,2019-08-13 20:00:00,Usher Hall,-3.205368,55.947239,3673,start
45,2019-08-14 19:00:00,Usher Hall,-3.205368,55.947239,1970,start
46,2019-08-15 19:30:00,Usher Hall,-3.205368,55.947239,4948,start
47,2019-08-17 17:00:00,Usher Hall,-3.205368,55.947239,1463,start
48,2019-08-17 20:00:00,Usher Hall,-3.205368,55.947239,2159,start
49,2019-08-18 11:00:00,Usher Hall,-3.205368,55.947239,600,start
50,2019-08-18 17:00:00,Usher Hall,-3.205368,55.947239,3440,start
51,2019-08-19 19:30:00,Usher Hall,-3.205368,55.947239,3667,start
52,2019-08-21 20:00:00,Usher Hall,-3.205368,55.947239,4056,start
53,2019-08-22 19:30:00,Usher Hall,-3.205368,55.947239,4308,start
54,2019-08-23 20:00:00,Usher Hall,-3.205368,55.947239,2621,start
55,2019-08-24 19:00:00,Usher Hall,-3.205368,55.947239,3437,start
56,2019-08-25 16:00:00,Usher Hall,-3.205368,55.947239,4170,start
57,2019-08-05 11:00:00,The Lyceum Rehearsal Studio,-3.20463,55.946781,10,start
58,2019-08-05 14:00:00,The Lyceum Rehearsal Studio,-3.20463,55.946781,17,start
59,2019-08-05 18:00:00,The Lyceum Rehearsal Studio,-3.20463,55.946781,34,start
60,2019-08-06 11:00:00,The Lyceum Rehearsal Studio,-3.20463,55.946781,15,start
61,2019-08-06 14:00:00,The Lyceum Rehearsal Studio,-3.20463,55.946781,3,start
62,2019-08-06 18:00:00,The Lyceum Rehearsal Studio,-3.20463,55.946781,24,start
63,2019-08-07 11:00:00,The Lyceum Rehearsal Studio,-3.20463,55.946781,7,start
64,2019-08-07 14:00:00,The Lyceum Rehearsal Studio,-3.20463,55.946781,12,start
65,2019-08-08 11:00:00,The Lyceum Rehearsal Studio,-3.20463,55.946781,15,start
66,2019-08-08 18:00:00,The Lyceum Rehearsal Studio,-3.20463,55.946781,28,start
67,2019-08-09 11:00:00,The Lyceum Rehearsal Studio,-3.20463,55.946781,32,start
68,2019-08-09 14:00:00,The Lyceum Rehearsal Studio,-3.20463,55.946781,32,start
69,2019-08-09 18:00:00,The Lyceum Rehearsal Studio,-3.20463,55.946781,33,start
70,2019-08-10 11:00:00,The Lyceum Rehearsal Studio,-3.20463,55.946781,49,start
71,2019-08-10 14:00:00,The Lyceum Rehearsal Studio,-3.20463,55.946781,15,start
72,2019-08-10 18:00:00,The Lyceum Rehearsal Studio,-3.20463,55.946781,25,start
73,2019-08-12 11:00:00,The Lyceum Rehearsal Studio,-3.20463,55.946781,73,start
74,2019-08-12 14:00:00,The Lyceum Rehearsal Studio,-3.20463,55.946781,3,start
75,2019-08-12 18:00:00,The Lyceum Rehearsal Studio,-3.20463,55.946781,32,start
76,2019-08-13 11:00:00,The Lyceum Rehearsal Studio,-3.20463,55.946781,73,start
77,2019-08-13 14:00:00,The Lyceum Rehearsal Studio,-3.20463,55.946781,16,start
78,2019-08-13 18:00:00,The Lyceum Rehearsal Studio,-3.20463,55.946781,43,start
79,2019-08-14 11:00:00,The Lyceum Rehearsal Studio,-3.20463,55.946781,48,start
80,2019-08-14 14:00:00,The Lyceum Rehearsal Studio,-3.20463,55.946781,16,start
81,2019-08-15 11:00:00,The Lyceum Rehearsal Studio,-3.20463,55.946781,35,start
82,2019-08-15 14:00:00,The Lyceum Rehearsal Studio,-3.20463,55.946781,8,start
83,2019-08-15 18:00:00,The Lyceum Rehearsal Studio,-3.20463,55.946781,70,start
84,2019-08-16 11:00:00,The Lyceum Rehearsal Studio,-3.20463,55.946781,31,start
85,2019-08-16 14:00:00,The Lyceum Rehearsal Studio,-3.20463,55.946781,22,start
86,2019-08-17 11:00:00,The Lyceum Rehearsal Studio,-3.20463,55.946781,41,start
87,2019-08-17 14:00:00,The Lyceum Rehearsal Studio,-3.20463,55.946781,18,start
88,2019-08-17 18:00:00,The Lyceum Rehearsal Studio,-3.20463,55.946781,13,start
89,2019-08-19 11:00:00,The Lyceum Rehearsal Studio,-3.20463,55.946781,14,start
90,2019-08-19 14:00:00,The Lyceum Rehearsal Studio,-3.20463,55.946781,13,start
91,2019-08-20 11:00:00,The Lyceum Rehearsal Studio,-3.20463,55.946781,19,start
92,2019-08-20 14:00:00,The Lyceum Rehearsal Studio,-3.20463,55.946781,11,start
93,2019-08-20 18:00:00,The Lyceum Rehearsal Studio,-3.20463,55.946781,2,start
94,2019-08-21 11:00:00,The Lyceum Rehearsal Studio,-3.20463,55.946781,15,start
95,2019-08-21 14:00:00,The Lyceum Rehearsal Studio,-3.20463,55.946781,6,start
96,2019-08-22 11:00:00,The Lyceum Rehearsal Studio,-3.20463,55.946781,19,start
97,2019-08-22 14:00:00,The Lyceum Rehearsal Studio,-3.20463,55.946781,11,start
98,2019-08-22 18:00:00,The Lyceum Rehearsal Studio,-3.20463,55.946781,20,start
99,2019-08-23 11:00:00,The Lyceum Rehearsal Studio,-3.20463,55.946781,18,start
100,2019-08-23 14:00:00,The Lyceum Rehearsal Studio,-3.20463,55.946781,3,start
101,2019-08-23 18:00:00,The Lyceum Rehearsal Studio,-3.20463,55.946781,25,start
102,2019-08-03 20:00:00,The Lyceum,-3.204398,55.946994,322,start
103,2019-08-04 14:00:00,The Lyceum,-3.204398,55.946994,504,start
104,2019-08-04 20:00:00,The Lyceum,-3.204398,55.946994,130,start
105,2019-08-05 20:00:00,The Lyceum,-3.204398,55.946994,600,start
106,2019-08-08 20:00:00,The Lyceum,-3.204398,55.946994,788,start
107,2019-08-09 14:00:00,The Lyceum,-3.204398,55.946994,460,start
108,2019-08-09 21:00:00,The Lyceum,-3.204398,55.946994,672,start
109,2019-08-10 14:00:00,The Lyceum,-3.204398,55.946994,434,start
110,2019-08-10 20:00:00,The Lyceum,-3.204398,55.946994,431,start
111,2019-08-11 20:00:00,The Lyceum,-3.204398,55.946994,304,start
112,2019-08-14 19:30:00,The Lyceum,-3.204398,55.946994,1036,start
113,2019-08-15 14:30:00,The Lyceum,-3.204398,55.946994,844,start
114,2019-08-15 19:30:00,The Lyceum,-3.204398,55.946994,452,start
115,2019-08-16 13:00:00,The Lyceum,-3.204398,55.946994,563,start
116,2019-08-16 19:00:00,The Lyceum,-3.204398,55.946994,1377,start
117,2019-08-16 22:00:00,The Lyceum,-3.204398,55.946994,394,start
118,2019-08-17 14:30:00,The Lyceum,-3.204398,55.946994,678,start
119,2019-08-17 19:30:00,The Lyceum,-3.204398,55.946994,436,start
120,2019-08-18 19:30:00,The Lyceum,-3.204398,55.946994,855,start
121,2019-08-19 20:00:00,The Lyceum,-3.204398,55.946994,303,start
122,2019-08-20 13:00:00,The Lyceum,-3.204398,55.946994,381,start
123,2019-08-21 20:00:00,The Lyceum,-3.204398,55.946994,696,start
124,2019-08-22 16:00:00,The Lyceum,-3.204398,55.946994,431,start
125,2019-08-22 20:00:00,The Lyceum,-3.204398,55.946994,368,start
126,2019-08-23 16:00:00,The Lyceum,-3.204398,55.946994,370,start
127,2019-08-23 20:00:00,The Lyceum,-3.204398,55.946994,166,start
128,2019-08-24 11:00:00,The Lyceum,-3.204398,55.946994,168,start
129,2019-08-24 16:00:00,The Lyceum,-3.204398,55.946994,393,start
130,2019-08-24 20:00:00,The Lyceum,-3.204398,55.946994,288,start
131,2019-08-25 16:00:00,The Lyceum,-3.204398,55.946994,162,start
132,2019-08-02 19:30:00,King's Theatre,-3.203251,55.942105,986,start
133,2019-08-03 13:30:00,King's Theatre,-3.203251,55.942105,582,start
134,2019-08-03 19:30:00,King's Theatre,-3.203251,55.942105,244,start
135,2019-08-04 19:30:00,King's Theatre,-3.203251,55.942105,619,start
136,2019-08-06 19:30:00,King's Theatre,-3.203251,55.942105,861,start
137,2019-08-08 19:30:00,King's Theatre,-3.203251,55.942105,520,start
138,2019-08-09 19:30:00,King's Theatre,-3.203251,55.942105,575,start
139,2019-08-10 13:30:00,King's Theatre,-3.203251,55.942105,531,start
140,2019-08-10 19:30:00,King's Theatre,-3.203251,55.942105,586,start
141,2019-08-11 13:30:00,King's Theatre,-3.203251,55.942105,749,start
142,2019-08-14 20:00:00,King's Theatre,-3.203251,55.942105,1593,start
143,2019-08-15 20:00:00,King's Theatre,-3.203251,55.942105,477,start
144,2019-08-16 20:00:00,King's Theatre,-3.203251,55.942105,755,start
145,2019-08-17 15:00:00,King's Theatre,-3.203251,55.942105,1016,start
146,2019-08-21 19:15:00,King's Theatre,-3.203251,55.942105,1237,start
147,2019-08-23 19:15:00,King's Theatre,-3.203251,55.942105,983,start
148,2019-08-24 19:15:00,King's Theatre,-3.203251,55.942105,547,start
149,2019-08-26 21:00:00,Princes Street Gardens,-3.198738,55.949829,2841,start
150,2019-08-22 12:00:00,Assembly Hall,-3.198611,55.952974,963,start
151,2019-08-23 12:00:00,Assembly Hall,-3.198611,55.952974,824,start
152,2019-08-24 12:00:00,Assembly Hall,-3.198611,55.952974,685,start
153,2019-08-25 12:00:00,Assembly Hall,-3.198611,55.952974,638,start
154,2019-08-21 10:00:00,The Hub,-3.194934,55.949142,10,start
155,2019-08-22 17:30:00,The Hub,-3.194934,55.949142,23,start
156,2019-08-23 21:00:00,The Hub,-3.194934,55.949142,8,start
157,2019-08-16 20:00:00,Greyfriars Kirk,-3.191872,55.947289,1076,start
158,2019-07-27 20:15:00,The Milkman,-3.19093,55.95084,8,start
159,2019-07-27 21:00:00,The Milkman,-3.19093,55.95084,3,start
160,2019-07-27 21:30:00,The Milkman,-3.19093,55.95084,1,start
161,2019-07-27 21:45:00,The Milkman,-3.19093,55.95084,6,start
162,2019-07-27 22:00:00,The Milkman,-3.19093,55.95084,2,start
163,2019-07-28 20:00:00,The Milkman,-3.19093,55.95084,3,start
164,2019-07-28 21:00:00,The Milkman,-3.19093,55.95084,7,start
165,2019-07-30 20:00:00,The Milkman,-3.19093,55.95084,37,start
166,2019-07-30 20:15:00,The Milkman,-3.19093,55.95084,5,start
167,2019-07-30 20:45:00,The Milkman,-3.19093,55.95084,9,start
168,2019-07-30 21:00:00,The Milkman,-3.19093,55.95084,19,start
169,2019-07-30 21:15:00,The Milkman,-3.19093,55.95084,6,start
170,2019-07-30 21:30:00,The Milkman,-3.19093,55.95084,2,start
171,2019-07-30 21:45:00,The Milkman,-3.19093,55.95084,5,start
172,2019-07-31 20:00:00,The Milkman,-3.19093,55.95084,13,start
173,2019-07-31 20:15:00,The Milkman,-3.19093,55.95084,2,start
174,2019-07-31 20:30:00,The Milkman,-3.19093,55.95084,1,start
175,2019-07-31 20:45:00,The Milkman,-3.19093,55.95084,4,start
176,2019-07-31 21:00:00,The Milkman,-3.19093,55.95084,13,start
177,2019-07-31 22:00:00,The Milkman,-3.19093,55.95084,2,start
178,2019-08-01 20:00:00,The Milkman,-3.19093,55.95084,39,start
179,2019-08-01 20:30:00,The Milkman,-3.19093,55.95084,2,start
180,2019-08-01 21:00:00,The Milkman,-3.19093,55.95084,10,start
181,2019-08-01 21:15:00,The Milkman,-3.19093,55.95084,3,start
182,2019-08-01 21:30:00,The Milkman,-3.19093,55.95084,5,start
183,2019-08-02 20:00:00,The Milkman,-3.19093,55.95084,30,start
184,2019-08-02 21:00:00,The Milkman,-3.19093,55.95084,4,start
185,2019-08-02 21:30:00,The Milkman,-3.19093,55.95084,8,start
186,2019-08-02 21:45:00,The Milkman,-3.19093,55.95084,2,start
187,2019-08-02 22:00:00,The Milkman,-3.19093,55.95084,4,start
188,2019-08-03 20:30:00,The Milkman,-3.19093,55.95084,12,start
189,2019-08-03 21:30:00,The Milkman,-3.19093,55.95084,2,start
190,2019-08-03 22:00:00,The Milkman,-3.19093,55.95084,7,start
191,2019-08-04 21:30:00,The Milkman,-3.19093,55.95084,4,start
192,2019-08-06 20:30:00,The Milkman,-3.19093,55.95084,3,start
193,2019-08-06 22:00:00,The Milkman,-3.19093,55.95084,5,start
194,2019-08-07 20:00:00,The Milkman,-3.19093,55.95084,11,start
195,2019-08-07 20:45:00,The Milkman,-3.19093,55.95084,2,start
196,2019-08-07 21:00:00,The Milkman,-3.19093,55.95084,10,start
197,2019-08-07 21:15:00,The Milkman,-3.19093,55.95084,3,start
198,2019-08-07 22:00:00,The Milkman,-3.19093,55.95084,4,start
199,2019-08-08 20:15:00,The Milkman,-3.19093,55.95084,3,start
200,2019-08-08 20:30:00,The Milkman,-3.19093,55.95084,14,start
201,2019-08-08 20:45:00,The Milkman,-3.19093,55.95084,3,start
202,2019-08-08 21:30:00,The Milkman,-3.19093,55.95084,4,start
203,2019-08-09 20:00:00,The Milkman,-3.19093,55.95084,13,start
204,2019-08-09 20:15:00,The Milkman,-3.19093,55.95084,6,start
205,2019-08-09 20:45:00,The Milkman,-3.19093,55.95084,7,start
206,2019-08-09 21:15:00,The Milkman,-3.19093,55.95084,5,start
207,2019-08-09 21:30:00,The Milkman,-3.19093,55.95084,4,start
208,2019-08-09 21:45:00,The Milkman,-3.19093,55.95084,5,start
209,2019-08-10 20:15:00,The Milkman,-3.19093,55.95084,5,start
210,2019-08-10 20:30:00,The Milkman,-3.19093,55.95084,4,start
211,2019-08-10 20:45:00,The Milkman,-3.19093,55.95084,2,start
212,2019-08-10 21:00:00,The Milkman,-3.19093,55.95084,8,start
213,2019-08-10 21:30:00,The Milkman,-3.19093,55.95084,3,start
214,2019-08-11 20:00:00,The Milkman,-3.19093,55.95084,8,start
215,2019-08-11 20:15:00,The Milkman,-3.19093,55.95084,17,start
216,2019-08-11 20:30:00,The Milkman,-3.19093,55.95084,12,start
217,2019-08-11 21:15:00,The Milkman,-3.19093,55.95084,15,start
218,2019-08-11 21:30:00,The Milkman,-3.19093,55.95084,2,start
219,2019-08-11 21:45:00,The Milkman,-3.19093,55.95084,2,start
220,2019-08-13 20:15:00,The Milkman,-3.19093,55.95084,9,start
221,2019-08-13 20:30:00,The Milkman,-3.19093,55.95084,4,start
222,2019-08-13 20:45:00,The Milkman,-3.19093,55.95084,2,start
223,2019-08-13 21:00:00,The Milkman,-3.19093,55.95084,1,start
224,2019-08-13 21:15:00,The Milkman,-3.19093,55.95084,2,start
225,2019-08-13 21:30:00,The Milkman,-3.19093,55.95084,3,start
226,2019-08-13 22:15:00,The Milkman,-3.19093,55.95084,2,start
227,2019-08-13 22:30:00,The Milkman,-3.19093,55.95084,3,start
228,2019-08-14 20:00:00,The Milkman,-3.19093,55.95084,24,start
229,2019-08-14 20:30:00,The Milkman,-3.19093,55.95084,7,start
230,2019-08-14 20:45:00,The Milkman,-3.19093,55.95084,2,start
231,2019-08-14 21:15:00,The Milkman,-3.19093,55.95084,5,start
232,2019-08-14 21:30:00,The Milkman,-3.19093,55.95084,11,start
233,2019-08-14 21:45:00,The Milkman,-3.19093,55.95084,6,start
234,2019-08-14 22:00:00,The Milkman,-3.19093,55.95084,4,start
235,2019-08-14 22:15:00,The Milkman,-3.19093,55.95084,2,start
236,2019-08-14 22:30:00,The Milkman,-3.19093,55.95084,6,start
237,2019-08-15 20:00:00,The Milkman,-3.19093,55.95084,18,start
238,2019-08-15 22:15:00,The Milkman,-3.19093,55.95084,7,start
239,2019-08-16 20:00:00,The Milkman,-3.19093,55.95084,10,start
240,2019-08-16 20:15:00,The Milkman,-3.19093,55.95084,5,start
241,2019-08-16 20:30:00,The Milkman,-3.19093,55.95084,15,start
242,2019-08-16 22:15:00,The Milkman,-3.19093,55.95084,4,start
243,2019-08-16 22:30:00,The Milkman,-3.19093,55.95084,1,start
244,2019-08-17 20:00:00,The Milkman,-3.19093,55.95084,11,start
245,2019-08-17 22:15:00,The Milkman,-3.19093,55.95084,3,start
246,2019-08-17 22:30:00,The Milkman,-3.19093,55.95084,1,start
247,2019-08-18 20:00:00,The Milkman,-3.19093,55.95084,3,start
248,2019-08-18 20:30:00,The Milkman,-3.19093,55.95084,24,start
249,2019-08-18 20:45:00,The Milkman,-3.19093,55.95084,2,start
250,2019-08-18 21:00:00,The Milkman,-3.19093,55.95084,60,start
251,2019-08-18 21:15:00,The Milkman,-3.19093,55.95084,9,start
252,2019-08-18 21:45:00,The Milkman,-3.19093,55.95084,4,start
253,2019-08-18 22:15:00,The Milkman,-3.19093,55.95084,5,start
254,2019-08-20 20:30:00,The Milkman,-3.19093,55.95084,2,start
255,2019-08-20 21:15:00,The Milkman,-3.19093,55.95084,2,start
256,2019-08-20 22:00:00,The Milkman,-3.19093,55.95084,3,start
257,2019-08-21 20:45:00,The Milkman,-3.19093,55.95084,14,start
258,2019-08-21 22:00:00,The Milkman,-3.19093,55.95084,4,start
259,2019-08-22 20:15:00,The Milkman,-3.19093,55.95084,4,start
260,2019-08-22 21:30:00,The Milkman,-3.19093,55.95084,10,start
261,2019-08-22 21:45:00,The Milkman,-3.19093,55.95084,11,start
262,2019-08-22 22:00:00,The Milkman,-3.19093,55.95084,3,start
263,2019-08-22 22:15:00,The Milkman,-3.19093,55.95084,4,start
264,2019-08-22 22:30:00,The Milkman,-3.19093,55.95084,6,start
265,2019-08-23 20:45:00,The Milkman,-3.19093,55.95084,4,start
266,2019-08-23 21:00:00,The Milkman,-3.19093,55.95084,35,start
267,2019-08-23 21:45:00,The Milkman,-3.19093,55.95084,26,start
268,2019-08-23 22:30:00,The Milkman,-3.19093,55.95084,7,start
269,2019-08-24 20:30:00,The Milkman,-3.19093,55.95084,9,start
270,2019-08-24 21:00:00,The Milkman,-3.19093,55.95084,9,start
271,2019-08-24 21:30:00,The Milkman,-3.19093,55.95084,2,start
272,2019-08-24 21:45:00,The Milkman,-3.19093,55.95084,1,start
273,2019-08-24 22:00:00,The Milkman,-3.19093,55.95084,24,start
274,2019-08-24 22:15:00,The Milkman,-3.19093,55.95084,7,start
275,2019-08-24 22:30:00,The Milkman,-3.19093,55.95084,2,start
276,2019-08-25 20:00:00,The Milkman,-3.19093,55.95084,10,start
277,2019-08-25 20:15:00,The Milkman,-3.19093,55.95084,7,start
278,2019-08-25 21:00:00,The Milkman,-3.19093,55.95084,6,start
279,2019-08-25 21:15:00,The Milkman,-3.19093,55.95084,2,start
280,2019-08-25 21:30:00,The Milkman,-3.19093,55.95084,4,start
281,2019-08-25 21:45:00,The Milkman,-3.19093,55.95084,12,start
282,2019-08-25 22:30:00,The Milkman,-3.19093,55.95084,3,start
283,2019-08-02 19:30:00,The Studio,-3.187146,55.946214,184,start
284,2019-08-03 14:00:00,The Studio,-3.187146,55.946214,197,start
285,2019-08-03 19:30:00,The Studio,-3.187146,55.946214,111,start
286,2019-08-04 19:30:00,The Studio,-3.187146,55.946214,96,start
287,2019-08-05 14:00:00,The Studio,-3.187146,55.946214,200,start
288,2019-08-05 19:30:00,The Studio,-3.187146,55.946214,42,start
289,2019-08-07 20:00:00,The Studio,-3.187146,55.946214,252,start
290,2019-08-08 20:00:00,The Studio,-3.187146,55.946214,86,start
291,2019-08-09 20:00:00,The Studio,-3.187146,55.946214,63,start
292,2019-08-10 15:00:00,The Studio,-3.187146,55.946214,89,start
293,2019-08-10 20:00:00,The Studio,-3.187146,55.946214,41,start
294,2019-08-11 15:00:00,The Studio,-3.187146,55.946214,11,start
295,2019-08-11 20:00:00,The Studio,-3.187146,55.946214,44,start
296,2019-08-13 12:00:00,The Studio,-3.187146,55.946214,15,start
297,2019-08-13 20:00:00,The Studio,-3.187146,55.946214,27,start
298,2019-08-14 12:00:00,The Studio,-3.187146,55.946214,49,start
299,2019-08-14 15:00:00,The Studio,-3.187146,55.946214,222,start
300,2019-08-14 20:00:00,The Studio,-3.187146,55.946214,23,start
301,2019-08-15 12:00:00,The Studio,-3.187146,55.946214,59,start
302,2019-08-16 12:00:00,The Studio,-3.187146,55.946214,47,start
303,2019-08-16 20:00:00,The Studio,-3.187146,55.946214,12,start
304,2019-08-17 12:00:00,The Studio,-3.187146,55.946214,3,start
305,2019-08-17 20:00:00,The Studio,-3.187146,55.946214,54,start
306,2019-08-18 20:00:00,The Studio,-3.187146,55.946214,37,start
307,2019-08-19 20:00:00,The Studio,-3.187146,55.946214,161,start
308,2019-08-20 15:00:00,The Studio,-3.187146,55.946214,398,start
309,2019-08-20 20:00:00,The Studio,-3.187146,55.946214,6,start
310,2019-08-21 15:00:00,The Studio,-3.187146,55.946214,27,start
311,2019-08-21 20:00:00,The Studio,-3.187146,55.946214,99,start
312,2019-08-22 12:00:00,The Studio,-3.187146,55.946214,7,start
313,2019-08-22 15:00:00,The Studio,-3.187146,55.946214,23,start
314,2019-08-22 20:00:00,The Studio,-3.187146,55.946214,46,start
315,2019-08-23 15:00:00,The Studio,-3.187146,55.946214,110,start
316,2019-08-23 20:00:00,The Studio,-3.187146,55.946214,36,start
317,2019-08-24 15:00:00,The Studio,-3.187146,55.946214,99,start
318,2019-08-24 20:00:00,The Studio,-3.187146,55.946214,139,start
319,2019-08-25 15:00:00,The Studio,-3.187146,55.946214,67,start
320,2019-08-25 20:00:00,The Studio,-3.187146,55.946214,21,start
321,2019-08-06 17:30:00,St Cecilia's Hall,-3.186611,55.949185,610,start
322,2019-08-08 17:30:00,St Cecilia's Hall,-3.186611,55.949185,463,start
323,2019-08-09 17:30:00,St Cecilia's Hall,-3.186611,55.949185,500,start
324,2019-08-13 17:30:00,St Cecilia's Hall,-3.186611,55.949185,523,start
325,2019-08-15 17:30:00,St Cecilia's Hall,-3.186611,55.949185,635,start
326,2019-08-16 17:30:00,St Cecilia's Hall,-3.186611,55.949185,509,start
327,2019-08-19 17:30:00,St Cecilia's Hall,-3.186611,55.949185,607,start
328,2019-08-20 17:30:00,St Cecilia's Hall,-3.186611,55.949185,441,start
329,2019-08-01 19:00:00,Festival Theatre,-3.186007,55.946903,1124,start
330,2019-08-02 19:00:00,Festival Theatre,-3.186007,55.946903,811,start
331,2019-08-03 19:00:00,Festival Theatre,-3.186007,55.946903,714,start
332,2019-08-04 12:30:00,Festival Theatre,-3.186007,55.946903,719,start
333,2019-08-06 19:00:00,Festival Theatre,-3.186007,55.946903,863,start
334,2019-08-07 12:30:00,Festival Theatre,-3.186007,55.946903,495,start
335,2019-08-07 19:00:00,Festival Theatre,-3.186007,55.946903,373,start
336,2019-08-08 19:00:00,Festival Theatre,-3.186007,55.946903,641,start
337,2019-08-09 19:00:00,Festival Theatre,-3.186007,55.946903,574,start
338,2019-08-10 12:30:00,Festival Theatre,-3.186007,55.946903,590,start
339,2019-08-15 19:15:00,Festival Theatre,-3.186007,55.946903,2511,start
340,2019-08-16 19:15:00,Festival Theatre,-3.186007,55.946903,2831,start
341,2019-08-17 19:15:00,Festival Theatre,-3.186007,55.946903,2688,start
342,2019-08-19 19:30:00,Festival Theatre,-3.186007,55.946903,1898,start
343,2019-08-20 14:30:00,Festival Theatre,-3.186007,55.946903,1782,start
344,2019-08-20 19:30:00,Festival Theatre,-3.186007,55.946903,1733,start
345,2019-08-22 20:00:00,Festival Theatre,-3.186007,55.946903,2227,start
346,2019-08-23 20:00:00,Festival Theatre,-3.186007,55.946903,2426,start
347,2019-08-24 13:30:00,Festival Theatre,-3.186007,55.946903,942,start
348,2019-08-24 20:00:00,Festival Theatre,-3.186007,55.946903,1986,start
349,2019-08-25 14:30:00,Festival Theatre,-3.186007,55.946903,1240,start
350,2019-08-25 19:30:00,Festival Theatre,-3.186007,55.946903,1159,start
351,2019-08-03 19:30:00,Edinburgh Playhouse,-3.18545,55.957059,1621,start
352,2019-08-04 19:30:00,Edinburgh Playhouse,-3.18545,55.957059,1006,start
353,2019-08-05 19:30:00,Edinburgh Playhouse,-3.18545,55.957059,1876,start
354,2019-08-03 11:00:00,The Queen's Hall,-3.181739,55.941633,2324,start
355,2019-08-05 11:00:00,The Queen's Hall,-3.181739,55.941633,1626,start
356,2019-08-06 11:00:00,The Queen's Hall,-3.181739,55.941633,2430,start
357,2019-08-07 11:00:00,The Queen's Hall,-3.181739,55.941633,2556,start
358,2019-08-08 11:00:00,The Queen's Hall,-3.181739,55.941633,1956,start
359,2019-08-09 11:00:00,The Queen's Hall,-3.181739,55.941633,1542,start
360,2019-08-10 11:00:00,The Queen's Hall,-3.181739,55.941633,1440,start
361,2019-08-12 11:00:00,The Queen's Hall,-3.181739,55.941633,2654,start
362,2019-08-13 11:00:00,The Queen's Hall,-3.181739,55.941633,1234,start
363,2019-08-14 11:00:00,The Queen's Hall,-3.181739,55.941633,2231,start
364,2019-08-15 11:00:00,The Queen's Hall,-3.181739,55.941633,2863,start
365,2019-08-16 11:00:00,The Queen's Hall,-3.181739,55.941633,2497,start
366,2019-08-17 11:00:00,The Queen's Hall,-3.181739,55.941633,2349,start
367,2019-08-19 11:00:00,The Queen's Hall,-3.181739,55.941633,1327,start
368,2019-08-20 11:00:00,The Queen's Hall,-3.181739,55.941633,1867,start
369,2019-08-21 11:00:00,The Queen's Hall,-3.181739,55.941633,2118,start
370,2019-08-22 11:00:00,The Queen's Hall,-3.181739,55.941633,2711,start
371,2019-08-23 11:00:00,The Queen's Hall,-3.181739,55.941633,1775,start
372,2019-08-24 11:00:00,The Queen's Hall,-3.181739,55.941633,2680,start
373,2019-08-09 20:00:00,Leith Theatre,-3.180622,55.975835,354,start
374,2019-08-10 20:00:00,Leith Theatre,-3.180622,55.975835,415,start
375,2019-08-11 20:00:00,Leith Theatre,-3.180622,55.975835,376,start
376,2019-08-13 20:00:00,Leith Theatre,-3.180622,55.975835,130,start
377,2019-08-15 20:00:00,Leith Theatre,-3.180622,55.975835,134,start
378,2019-08-16 20:00:00,Leith Theatre,-3.180622,55.975835,447,start
379,2019-08-21 20:00:00,Leith Theatre,-3.180622,55.975835,458,start
380,2019-08-22 20:00:00,Leith Theatre,-3.180622,55.975835,678,start
381,2019-08-23 20:00:00,Leith Theatre,-3.180622,55.975835,97,start
0,2019-08-09 21:30:00,Jupiter Artland,-3.421135,55.901305,265,end
1,2019-08-10 18:30:00,Jupiter Artland,-3.421135,55.901305,190,end
2,2019-08-10 21:30:00,Jupiter Artland,-3.421135,55.901305,154,end
3,2019-08-11 18:30:00,Jupiter Artland,-3.421135,55.901305,632,end
4,2019-08-11 21:30:00,Jupiter Artland,-3.421135,55.901305,132,end
5,2019-08-02 21:30:00,Tynecastle Park,-3.232222,55.939167,3487,end
6,2019-08-03 18:55:00,Church Hill Theatre,-3.209666,55.932678,147,end
7,2019-08-04 14:55:00,Church Hill Theatre,-3.209666,55.932678,266,end
8,2019-08-04 18:55:00,Church Hill Theatre,-3.209666,55.932678,45,end
9,2019-08-05 18:55:00,Church Hill Theatre,-3.209666,55.932678,261,end
10,2019-08-06 18:55:00,Church Hill Theatre,-3.209666,55.932678,296,end
11,2019-08-09 20:40:00,Church Hill Theatre,-3.209666,55.932678,380,end
12,2019-08-10 20:40:00,Church Hill Theatre,-3.209666,55.932678,461,end
13,2019-08-11 16:10:00,Church Hill Theatre,-3.209666,55.932678,199,end
14,2019-08-11 20:40:00,Church Hill Theatre,-3.209666,55.932678,135,end
15,2019-08-12 20:40:00,Church Hill Theatre,-3.209666,55.932678,290,end
16,2019-08-13 20:40:00,Church Hill Theatre,-3.209666,55.932678,243,end
17,2019-08-15 16:10:00,Church Hill Theatre,-3.209666,55.932678,175,end
18,2019-08-15 20:40:00,Church Hill Theatre,-3.209666,55.932678,100,end
19,2019-08-16 20:40:00,Church Hill Theatre,-3.209666,55.932678,116,end
20,2019-08-17 16:10:00,Church Hill Theatre,-3.209666,55.932678,196,end
21,2019-08-17 20:40:00,Church Hill Theatre,-3.209666,55.932678,251,end
22,2019-08-18 20:40:00,Church Hill Theatre,-3.209666,55.932678,148,end
23,2019-08-19 20:40:00,Church Hill Theatre,-3.209666,55.932678,192,end
24,2019-08-20 20:40:00,Church Hill Theatre,-3.209666,55.932678,386,end
25,2019-08-22 16:10:00,Church Hill Theatre,-3.209666,55.932678,281,end
26,2019-08-22 20:40:00,Church Hill Theatre,-3.209666,55.932678,136,end
27,2019-08-23 20:40:00,Church Hill Theatre,-3.209666,55.932678,138,end
28,2019-08-24 16:10:00,Church Hill Theatre,-3.209666,55.932678,140,end
29,2019-08-24 20:40:00,Church Hill Theatre,-3.209666,55.932678,101,end
30,2019-08-25 20:40:00,Church Hill Theatre,-3.209666,55.932678,122,end
31,2019-08-03 20:30:00,Usher Hall,-3.205368,55.947239,4025,end
32,2019-08-04 16:45:00,Usher Hall,-3.205368,55.947239,325,end
33,2019-08-04 21:15:00,Usher Hall,-3.205368,55.947239,4031,end
34,2019-08-05 21:45:00,Usher Hall,-3.205368,55.947239,3801,end
35,2019-08-06 21:45:00,Usher Hall,-3.205368,55.947239,3210,end
36,2019-08-07 21:30:00,Usher Hall,-3.205368,55.947239,2784,end
37,2019-08-08 21:30:00,Usher Hall,-3.205368,55.947239,1682,end
38,2019-08-09 22:00:00,Usher Hall,-3.205368,55.947239,3775,end
39,2019-08-10 21:45:00,Usher Hall,-3.205368,55.947239,2464,end
40,2019-08-11 21:30:00,Usher Hall,-3.205368,55.947239,1292,end
41,2019-08-12 22:00:00,Usher Hall,-3.205368,55.947239,2390,end
42,2019-08-13 22:00:00,Usher Hall,-3.205368,55.947239,3673,end
43,2019-08-14 22:00:00,Usher Hall,-3.205368,55.947239,1970,end
44,2019-08-15 21:30:00,Usher Hall,-3.205368,55.947239,4948,end
45,2019-08-17 18:00:00,Usher Hall,-3.205368,55.947239,1463,end
46,2019-08-17 22:00:00,Usher Hall,-3.205368,55.947239,2159,end
47,2019-08-18 19:00:00,Usher Hall,-3.205368,55.947239,3440,end
48,2019-08-19 21:40:00,Usher Hall,-3.205368,55.947239,3667,end
49,2019-08-21 22:10:00,Usher Hall,-3.205368,55.947239,4056,end
50,2019-08-22 22:15:00,Usher Hall,-3.205368,55.947239,4308,end
51,2019-08-23 22:00:00,Usher Hall,-3.205368,55.947239,2621,end
52,2019-08-24 20:25:00,Usher Hall,-3.205368,55.947239,3437,end
53,2019-08-25 22:25:00,Usher Hall,-3.205368,55.947239,4170,end
54,2019-08-05 12:15:00,The Lyceum Rehearsal Studio,-3.20463,55.946781,10,end
55,2019-08-05 15:30:00,The Lyceum Rehearsal Studio,-3.20463,55.946781,17,end
56,2019-08-05 19:30:00,The Lyceum Rehearsal Studio,-3.20463,55.946781,34,end
57,2019-08-06 12:15:00,The Lyceum Rehearsal Studio,-3.20463,55.946781,15,end
58,2019-08-06 15:30:00,The Lyceum Rehearsal Studio,-3.20463,55.946781,3,end
59,2019-08-06 19:30:00,The Lyceum Rehearsal Studio,-3.20463,55.946781,24,end
60,2019-08-07 12:15:00,The Lyceum Rehearsal Studio,-3.20463,55.946781,7,end
61,2019-08-07 15:30:00,The Lyceum Rehearsal Studio,-3.20463,55.946781,12,end
62,2019-08-08 12:15:00,The Lyceum Rehearsal Studio,-3.20463,55.946781,15,end
63,2019-08-08 19:30:00,The Lyceum Rehearsal Studio,-3.20463,55.946781,28,end
64,2019-08-09 12:15:00,The Lyceum Rehearsal Studio,-3.20463,55.946781,32,end
65,2019-08-09 15:30:00,The Lyceum Rehearsal Studio,-3.20463,55.946781,32,end
66,2019-08-09 19:30:00,The Lyceum Rehearsal Studio,-3.20463,55.946781,33,end
67,2019-08-10 13:00:00,The Lyceum Rehearsal Studio,-3.20463,55.946781,49,end
68,2019-08-10 15:30:00,The Lyceum Rehearsal Studio,-3.20463,55.946781,15,end
69,2019-08-10 19:30:00,The Lyceum Rehearsal Studio,-3.20463,55.946781,25,end
70,2019-08-12 12:15:00,The Lyceum Rehearsal Studio,-3.20463,55.946781,73,end
71,2019-08-12 15:30:00,The Lyceum Rehearsal Studio,-3.20463,55.946781,3,end
72,2019-08-12 19:30:00,The Lyceum Rehearsal Studio,-3.20463,55.946781,32,end
73,2019-08-13 12:15:00,The Lyceum Rehearsal Studio,-3.20463,55.946781,73,end
74,2019-08-13 15:30:00,The Lyceum Rehearsal Studio,-3.20463,55.946781,16,end
75,2019-08-13 19:30:00,The Lyceum Rehearsal Studio,-3.20463,55.946781,43,end
76,2019-08-14 12:15:00,The Lyceum Rehearsal Studio,-3.20463,55.946781,48,end
77,2019-08-14 15:30:00,The Lyceum Rehearsal Studio,-3.20463,55.946781,16,end
78,2019-08-15 12:15:00,The Lyceum Rehearsal Studio,-3.20463,55.946781,35,end
79,2019-08-15 15:30:00,The Lyceum Rehearsal Studio,-3.20463,55.946781,8,end
80,2019-08-15 19:30:00,The Lyceum Rehearsal Studio,-3.20463,55.946781,70,end
81,2019-08-16 12:15:00,The Lyceum Rehearsal Studio,-3.20463,55.946781,31,end
82,2019-08-16 15:30:00,The Lyceum Rehearsal Studio,-3.20463,55.946781,22,end
83,2019-08-17 13:00:00,The Lyceum Rehearsal Studio,-3.20463,55.946781,41,end
84,2019-08-17 15:30:00,The Lyceum Rehearsal Studio,-3.20463,55.946781,18,end
85,2019-08-17 19:30:00,The Lyceum Rehearsal Studio,-3.20463,55.946781,13,end
86,2019-08-19 12:15:00,The Lyceum Rehearsal Studio,-3.20463,55.946781,14,end
87,2019-08-19 15:30:00,The Lyceum Rehearsal Studio,-3.20463,55.946781,13,end
88,2019-08-20 12:15:00,The Lyceum Rehearsal Studio,-3.20463,55.946781,19,end
89,2019-08-20 15:30:00,The Lyceum Rehearsal Studio,-3.20463,55.946781,11,end
90,2019-08-20 19:30:00,The Lyceum Rehearsal Studio,-3.20463,55.946781,2,end
91,2019-08-21 12:15:00,The Lyceum Rehearsal Studio,-3.20463,55.946781,15,end
92,2019-08-21 15:30:00,The Lyceum Rehearsal Studio,-3.20463,55.946781,6,end
93,2019-08-22 12:15:00,The Lyceum Rehearsal Studio,-3.20463,55.946781,19,end
94,2019-08-22 15:30:00,The Lyceum Rehearsal Studio,-3.20463,55.946781,11,end
95,2019-08-22 19:30:00,The Lyceum Rehearsal Studio,-3.20463,55.946781,20,end
96,2019-08-23 12:15:00,The Lyceum Rehearsal Studio,-3.20463,55.946781,18,end
97,2019-08-23 15:30:00,The Lyceum Rehearsal Studio,-3.20463,55.946781,3,end
98,2019-08-23 19:30:00,The Lyceum Rehearsal Studio,-3.20463,55.946781,25,end
99,2019-08-03 21:40:00,The Lyceum,-3.204398,55.946994,322,end
100,2019-08-04 15:40:00,The Lyceum,-3.204398,55.946994,504,end
101,2019-08-04 21:40:00,The Lyceum,-3.204398,55.946994,130,end
102,2019-08-05 21:40:00,The Lyceum,-3.204398,55.946994,600,end
103,2019-08-08 21:30:00,The Lyceum,-3.204398,55.946994,788,end
104,2019-08-09 15:30:00,The Lyceum,-3.204398,55.946994,460,end
105,2019-08-09 22:30:00,The Lyceum,-3.204398,55.946994,672,end
106,2019-08-10 15:30:00,The Lyceum,-3.204398,55.946994,434,end
107,2019-08-10 21:30:00,The Lyceum,-3.204398,55.946994,431,end
108,2019-08-11 21:30:00,The Lyceum,-3.204398,55.946994,304,end
109,2019-08-14 21:45:00,The Lyceum,-3.204398,55.946994,1036,end
110,2019-08-15 16:45:00,The Lyceum,-3.204398,55.946994,844,end
111,2019-08-15 21:45:00,The Lyceum,-3.204398,55.946994,452,end
112,2019-08-16 15:15:00,The Lyceum,-3.204398,55.946994,563,end
113,2019-08-16 20:30:00,The Lyceum,-3.204398,55.946994,1377,end
114,2019-08-16 23:30:00,The Lyceum,-3.204398,55.946994,394,end
115,2019-08-17 16:45:00,The Lyceum,-3.204398,55.946994,678,end
116,2019-08-17 21:45:00,The Lyceum,-3.204398,55.946994,436,end
117,2019-08-18 21:45:00,The Lyceum,-3.204398,55.946994,855,end
118,2019-08-19 21:15:00,The Lyceum,-3.204398,55.946994,303,end
119,2019-08-20 14:15:00,The Lyceum,-3.204398,55.946994,381,end
120,2019-08-21 20:50:00,The Lyceum,-3.204398,55.946994,696,end
121,2019-08-22 16:50:00,The Lyceum,-3.204398,55.946994,431,end
122,2019-08-22 21:15:00,The Lyceum,-3.204398,55.946994,368,end
123,2019-08-23 16:50:00,The Lyceum,-3.204398,55.946994,370,end
124,2019-08-23 21:15:00,The Lyceum,-3.204398,55.946994,166,end
125,2019-08-24 13:00:00,The Lyceum,-3.204398,55.946994,168,end
126,2019-08-24 17:15:00,The Lyceum,-3.204398,55.946994,393,end
127,2019-08-24 20:50:00,The Lyceum,-3.204398,55.946994,288,end
128,2019-08-25 17:15:00,The Lyceum,-3.204398,55.946994,162,end
129,2019-08-02 22:20:00,King's Theatre,-3.203251,55.942105,986,end
130,2019-08-03 16:20:00,King's Theatre,-3.203251,55.942105,582,end
131,2019-08-03 22:20:00,King's Theatre,-3.203251,55.942105,244,end
132,2019-08-04 22:20:00,King's Theatre,-3.203251,55.942105,619,end
133,2019-08-06 22:20:00,King's Theatre,-3.203251,55.942105,861,end
134,2019-08-08 22:20:00,King's Theatre,-3.203251,55.942105,520,end
135,2019-08-09 22:20:00,King's Theatre,-3.203251,55.942105,575,end
136,2019-08-10 16:20:00,King's Theatre,-3.203251,55.942105,531,end
137,2019-08-10 22:20:00,King's Theatre,-3.203251,55.942105,586,end
138,2019-08-11 16:20:00,King's Theatre,-3.203251,55.942105,749,end
139,2019-08-14 22:00:00,King's Theatre,-3.203251,55.942105,1593,end
140,2019-08-15 22:00:00,King's Theatre,-3.203251,55.942105,477,end
141,2019-08-16 22:00:00,King's Theatre,-3.203251,55.942105,755,end
142,2019-08-17 17:00:00,King's Theatre,-3.203251,55.942105,1016,end
143,2019-08-21 22:00:00,King's Theatre,-3.203251,55.942105,1237,end
144,2019-08-23 22:00:00,King's Theatre,-3.203251,55.942105,983,end
145,2019-08-24 22:00:00,King's Theatre,-3.203251,55.942105,547,end
146,2019-08-26 22:10:00,Princes Street Gardens,-3.198738,55.949829,2524,end
147,2019-08-22 13:30:00,Assembly Hall,-3.198611,55.952974,963,end
148,2019-08-23 13:30:00,Assembly Hall,-3.198611,55.952974,824,end
149,2019-08-24 13:30:00,Assembly Hall,-3.198611,55.952974,685,end
150,2019-08-25 13:30:00,Assembly Hall,-3.198611,55.952974,638,end
151,2019-08-16 21:45:00,Greyfriars Kirk,-3.191872,55.947289,1076,end
152,2019-07-27 21:15:00,The Milkman,-3.19093,55.95084,8,end
153,2019-07-27 22:00:00,The Milkman,-3.19093,55.95084,3,end
154,2019-07-27 22:30:00,The Milkman,-3.19093,55.95084,1,end
155,2019-07-27 22:45:00,The Milkman,-3.19093,55.95084,6,end
156,2019-07-27 23:00:00,The Milkman,-3.19093,55.95084,2,end
157,2019-07-28 21:00:00,The Milkman,-3.19093,55.95084,3,end
158,2019-07-28 22:00:00,The Milkman,-3.19093,55.95084,7,end
159,2019-07-30 21:00:00,The Milkman,-3.19093,55.95084,37,end
160,2019-07-30 21:15:00,The Milkman,-3.19093,55.95084,5,end
161,2019-07-30 21:45:00,The Milkman,-3.19093,55.95084,9,end
162,2019-07-30 22:00:00,The Milkman,-3.19093,55.95084,19,end
163,2019-07-30 22:15:00,The Milkman,-3.19093,55.95084,6,end
164,2019-07-30 22:30:00,The Milkman,-3.19093,55.95084,2,end
165,2019-07-30 22:45:00,The Milkman,-3.19093,55.95084,5,end
166,2019-07-31 21:00:00,The Milkman,-3.19093,55.95084,13,end
167,2019-07-31 21:15:00,The Milkman,-3.19093,55.95084,2,end
168,2019-07-31 21:30:00,The Milkman,-3.19093,55.95084,1,end
169,2019-07-31 21:45:00,The Milkman,-3.19093,55.95084,4,end
170,2019-07-31 22:00:00,The Milkman,-3.19093,55.95084,13,end
171,2019-07-31 23:00:00,The Milkman,-3.19093,55.95084,2,end
172,2019-08-01 21:00:00,The Milkman,-3.19093,55.95084,39,end
173,2019-08-01 21:30:00,The Milkman,-3.19093,55.95084,2,end
174,2019-08-01 22:00:00,The Milkman,-3.19093,55.95084,10,end
175,2019-08-01 22:15:00,The Milkman,-3.19093,55.95084,3,end
176,2019-08-01 22:30:00,The Milkman,-3.19093,55.95084,5,end
177,2019-08-02 21:00:00,The Milkman,-3.19093,55.95084,30,end
178,2019-08-02 22:00:00,The Milkman,-3.19093,55.95084,4,end
179,2019-08-02 22:30:00,The Milkman,-3.19093,55.95084,8,end
180,2019-08-02 22:45:00,The Milkman,-3.19093,55.95084,2,end
181,2019-08-02 23:00:00,The Milkman,-3.19093,55.95084,4,end
182,2019-08-03 21:30:00,The Milkman,-3.19093,55.95084,12,end
183,2019-08-03 22:30:00,The Milkman,-3.19093,55.95084,2,end
184,2019-08-03 23:00:00,The Milkman,-3.19093,55.95084,7,end
185,2019-08-04 22:30:00,The Milkman,-3.19093,55.95084,4,end
186,2019-08-06 21:30:00,The Milkman,-3.19093,55.95084,3,end
187,2019-08-06 23:00:00,The Milkman,-3.19093,55.95084,5,end
188,2019-08-07 21:00:00,The Milkman,-3.19093,55.95084,11,end
189,2019-08-07 21:45:00,The Milkman,-3.19093,55.95084,2,end
190,2019-08-07 22:00:00,The Milkman,-3.19093,55.95084,10,end
191,2019-08-07 22:15:00,The Milkman,-3.19093,55.95084,3,end
192,2019-08-07 23:00:00,The Milkman,-3.19093,55.95084,4,end
193,2019-08-08 21:15:00,The Milkman,-3.19093,55.95084,3,end
194,2019-08-08 21:30:00,The Milkman,-3.19093,55.95084,14,end
195,2019-08-08 21:45:00,The Milkman,-3.19093,55.95084,3,end
196,2019-08-08 22:30:00,The Milkman,-3.19093,55.95084,4,end
197,2019-08-09 21:00:00,The Milkman,-3.19093,55.95084,13,end
198,2019-08-09 21:15:00,The Milkman,-3.19093,55.95084,6,end
199,2019-08-09 21:45:00,The Milkman,-3.19093,55.95084,7,end
200,2019-08-09 22:15:00,The Milkman,-3.19093,55.95084,5,end
201,2019-08-09 22:30:00,The Milkman,-3.19093,55.95084,4,end
202,2019-08-09 22:45:00,The Milkman,-3.19093,55.95084,5,end
203,2019-08-10 21:15:00,The Milkman,-3.19093,55.95084,5,end
204,2019-08-10 21:30:00,The Milkman,-3.19093,55.95084,4,end
205,2019-08-10 21:45:00,The Milkman,-3.19093,55.95084,2,end
206,2019-08-10 22:00:00,The Milkman,-3.19093,55.95084,8,end
207,2019-08-10 22:30:00,The Milkman,-3.19093,55.95084,3,end
208,2019-08-11 21:00:00,The Milkman,-3.19093,55.95084,8,end
209,2019-08-11 21:15:00,The Milkman,-3.19093,55.95084,17,end
210,2019-08-11 21:30:00,The Milkman,-3.19093,55.95084,12,end
211,2019-08-11 22:15:00,The Milkman,-3.19093,55.95084,15,end
212,2019-08-11 22:30:00,The Milkman,-3.19093,55.95084,2,end
213,2019-08-11 22:45:00,The Milkman,-3.19093,55.95084,2,end
214,2019-08-13 21:15:00,The Milkman,-3.19093,55.95084,9,end
215,2019-08-13 21:30:00,The Milkman,-3.19093,55.95084,4,end
216,2019-08-13 21:45:00,The Milkman,-3.19093,55.95084,2,end
217,2019-08-13 22:00:00,The Milkman,-3.19093,55.95084,1,end
218,2019-08-13 22:15:00,The Milkman,-3.19093,55.95084,2,end
219,2019-08-13 22:30:00,The Milkman,-3.19093,55.95084,3,end
220,2019-08-13 23:15:00,The Milkman,-3.19093,55.95084,2,end
221,2019-08-13 23:30:00,The Milkman,-3.19093,55.95084,3,end
222,2019-08-14 21:00:00,The Milkman,-3.19093,55.95084,24,end
223,2019-08-14 21:30:00,The Milkman,-3.19093,55.95084,7,end
224,2019-08-14 21:45:00,The Milkman,-3.19093,55.95084,2,end
225,2019-08-14 22:15:00,The Milkman,-3.19093,55.95084,5,end
226,2019-08-14 22:30:00,The Milkman,-3.19093,55.95084,11,end
227,2019-08-14 22:45:00,The Milkman,-3.19093,55.95084,6,end
228,2019-08-14 23:00:00,The Milkman,-3.19093,55.95084,4,end
229,2019-08-14 23:15:00,The Milkman,-3.19093,55.95084,2,end
230,2019-08-14 23:30:00,The Milkman,-3.19093,55.95084,6,end
231,2019-08-15 21:00:00,The Milkman,-3.19093,55.95084,18,end
232,2019-08-15 23:15:00,The Milkman,-3.19093,55.95084,7,end
233,2019-08-16 21:00:00,The Milkman,-3.19093,55.95084,10,end
234,2019-08-16 21:15:00,The Milkman,-3.19093,55.95084,5,end
235,2019-08-16 21:30:00,The Milkman,-3.19093,55.95084,15,end
236,2019-08-16 23:15:00,The Milkman,-3.19093,55.95084,4,end
237,2019-08-16 23:30:00,The Milkman,-3.19093,55.95084,1,end
238,2019-08-17 21:00:00,The Milkman,-3.19093,55.95084,11,end
239,2019-08-17 23:15:00,The Milkman,-3.19093,55.95084,3,end
240,2019-08-17 23:30:00,The Milkman,-3.19093,55.95084,1,end
241,2019-08-18 21:00:00,The Milkman,-3.19093,55.95084,3,end
242,2019-08-18 21:30:00,The Milkman,-3.19093,55.95084,24,end
243,2019-08-18 21:45:00,The Milkman,-3.19093,55.95084,2,end
244,2019-08-18 22:00:00,The Milkman,-3.19093,55.95084,60,end
245,2019-08-18 22:15:00,The Milkman,-3.19093,55.95084,9,end
246,2019-08-18 22:45:00,The Milkman,-3.19093,55.95084,4,end
247,2019-08-18 23:15:00,The Milkman,-3.19093,55.95084,5,end
248,2019-08-20 21:30:00,The Milkman,-3.19093,55.95084,2,end
249,2019-08-20 22:15:00,The Milkman,-3.19093,55.95084,2,end
250,2019-08-20 23:00:00,The Milkman,-3.19093,55.95084,3,end
251,2019-08-21 21:45:00,The Milkman,-3.19093,55.95084,14,end
252,2019-08-21 23:00:00,The Milkman,-3.19093,55.95084,4,end
253,2019-08-22 21:15:00,The Milkman,-3.19093,55.95084,4,end
254,2019-08-22 22:30:00,The Milkman,-3.19093,55.95084,10,end
255,2019-08-22 22:45:00,The Milkman,-3.19093,55.95084,11,end
256,2019-08-22 23:00:00,The Milkman,-3.19093,55.95084,3,end
257,2019-08-22 23:15:00,The Milkman,-3.19093,55.95084,4,end
258,2019-08-22 23:30:00,The Milkman,-3.19093,55.95084,6,end
259,2019-08-23 21:45:00,The Milkman,-3.19093,55.95084,4,end
260,2019-08-23 22:00:00,The Milkman,-3.19093,55.95084,35,end
261,2019-08-23 22:45:00,The Milkman,-3.19093,55.95084,26,end
262,2019-08-23 23:30:00,The Milkman,-3.19093,55.95084,7,end
263,2019-08-24 21:30:00,The Milkman,-3.19093,55.95084,9,end
264,2019-08-24 22:00:00,The Milkman,-3.19093,55.95084,9,end
265,2019-08-24 22:30:00,The Milkman,-3.19093,55.95084,2,end
266,2019-08-24 22:45:00,The Milkman,-3.19093,55.95084,1,end
267,2019-08-24 23:00:00,The Milkman,-3.19093,55.95084,24,end
268,2019-08-24 23:15:00,The Milkman,-3.19093,55.95084,7,end
269,2019-08-24 23:30:00,The Milkman,-3.19093,55.95084,2,end
270,2019-08-25 21:00:00,The Milkman,-3.19093,55.95084,10,end
271,2019-08-25 21:15:00,The Milkman,-3.19093,55.95084,7,end
272,2019-08-25 22:00:00,The Milkman,-3.19093,55.95084,6,end
273,2019-08-25 22:15:00,The Milkman,-3.19093,55.95084,2,end
274,2019-08-25 22:30:00,The Milkman,-3.19093,55.95084,4,end
275,2019-08-25 22:45:00,The Milkman,-3.19093,55.95084,12,end
276,2019-08-25 23:30:00,The Milkman,-3.19093,55.95084,3,end
277,2019-08-02 21:20:00,The Studio,-3.187146,55.946214,184,end
278,2019-08-03 15:50:00,The Studio,-3.187146,55.946214,197,end
279,2019-08-03 21:20:00,The Studio,-3.187146,55.946214,111,end
280,2019-08-04 21:20:00,The Studio,-3.187146,55.946214,96,end
281,2019-08-05 15:50:00,The Studio,-3.187146,55.946214,200,end
282,2019-08-05 21:20:00,The Studio,-3.187146,55.946214,42,end
283,2019-08-07 21:20:00,The Studio,-3.187146,55.946214,252,end
284,2019-08-08 21:20:00,The Studio,-3.187146,55.946214,86,end
285,2019-08-09 21:20:00,The Studio,-3.187146,55.946214,63,end
286,2019-08-10 16:20:00,The Studio,-3.187146,55.946214,89,end
287,2019-08-10 21:20:00,The Studio,-3.187146,55.946214,41,end
288,2019-08-11 16:20:00,The Studio,-3.187146,55.946214,11,end
289,2019-08-11 21:20:00,The Studio,-3.187146,55.946214,44,end
290,2019-08-13 13:00:00,The Studio,-3.187146,55.946214,15,end
291,2019-08-13 21:20:00,The Studio,-3.187146,55.946214,27,end
292,2019-08-14 13:00:00,The Studio,-3.187146,55.946214,49,end
293,2019-08-14 16:20:00,The Studio,-3.187146,55.946214,222,end
294,2019-08-14 21:20:00,The Studio,-3.187146,55.946214,23,end
295,2019-08-15 13:00:00,The Studio,-3.187146,55.946214,59,end
296,2019-08-16 13:00:00,The Studio,-3.187146,55.946214,47,end
297,2019-08-16 21:20:00,The Studio,-3.187146,55.946214,12,end
298,2019-08-17 13:00:00,The Studio,-3.187146,55.946214,3,end
299,2019-08-17 21:20:00,The Studio,-3.187146,55.946214,54,end
300,2019-08-18 21:20:00,The Studio,-3.187146,55.946214,37,end
301,2019-08-19 21:15:00,The Studio,-3.187146,55.946214,161,end
302,2019-08-20 16:15:00,The Studio,-3.187146,55.946214,398,end
303,2019-08-20 21:20:00,The Studio,-3.187146,55.946214,6,end
304,2019-08-21 16:20:00,The Studio,-3.187146,55.946214,27,end
305,2019-08-21 21:15:00,The Studio,-3.187146,55.946214,99,end
306,2019-08-22 13:15:00,The Studio,-3.187146,55.946214,7,end
307,2019-08-22 16:20:00,The Studio,-3.187146,55.946214,23,end
308,2019-08-22 21:20:00,The Studio,-3.187146,55.946214,46,end
309,2019-08-23 16:15:00,The Studio,-3.187146,55.946214,110,end
310,2019-08-23 21:20:00,The Studio,-3.187146,55.946214,36,end
311,2019-08-24 16:10:00,The Studio,-3.187146,55.946214,99,end
312,2019-08-24 21:15:00,The Studio,-3.187146,55.946214,139,end
313,2019-08-25 16:20:00,The Studio,-3.187146,55.946214,67,end
314,2019-08-25 21:20:00,The Studio,-3.187146,55.946214,21,end
315,2019-08-06 18:30:00,St Cecilia's Hall,-3.186611,55.949185,610,end
316,2019-08-08 18:30:00,St Cecilia's Hall,-3.186611,55.949185,463,end
317,2019-08-09 18:30:00,St Cecilia's Hall,-3.186611,55.949185,500,end
318,2019-08-13 18:30:00,St Cecilia's Hall,-3.186611,55.949185,523,end
319,2019-08-15 18:30:00,St Cecilia's Hall,-3.186611,55.949185,635,end
320,2019-08-16 18:30:00,St Cecilia's Hall,-3.186611,55.949185,509,end
321,2019-08-19 18:30:00,St Cecilia's Hall,-3.186611,55.949185,607,end
322,2019-08-20 18:30:00,St Cecilia's Hall,-3.186611,55.949185,441,end
323,2019-08-01 22:20:00,Festival Theatre,-3.186007,55.946903,1124,end
324,2019-08-02 22:20:00,Festival Theatre,-3.186007,55.946903,811,end
325,2019-08-03 22:20:00,Festival Theatre,-3.186007,55.946903,714,end
326,2019-08-04 15:50:00,Festival Theatre,-3.186007,55.946903,719,end
327,2019-08-06 22:20:00,Festival Theatre,-3.186007,55.946903,863,end
328,2019-08-07 15:50:00,Festival Theatre,-3.186007,55.946903,495,end
329,2019-08-07 22:20:00,Festival Theatre,-3.186007,55.946903,373,end
330,2019-08-08 22:20:00,Festival Theatre,-3.186007,55.946903,641,end
331,2019-08-09 22:20:00,Festival Theatre,-3.186007,55.946903,574,end
332,2019-08-10 15:50:00,Festival Theatre,-3.186007,55.946903,590,end
333,2019-08-15 22:15:00,Festival Theatre,-3.186007,55.946903,2511,end
334,2019-08-16 22:15:00,Festival Theatre,-3.186007,55.946903,2831,end
335,2019-08-17 22:15:00,Festival Theatre,-3.186007,55.946903,2688,end
336,2019-08-19 22:00:00,Festival Theatre,-3.186007,55.946903,1898,end
337,2019-08-20 17:00:00,Festival Theatre,-3.186007,55.946903,1782,end
338,2019-08-20 22:00:00,Festival Theatre,-3.186007,55.946903,1733,end
339,2019-08-22 21:15:00,Festival Theatre,-3.186007,55.946903,2227,end
340,2019-08-23 21:15:00,Festival Theatre,-3.186007,55.946903,2426,end
341,2019-08-24 16:00:00,Festival Theatre,-3.186007,55.946903,942,end
342,2019-08-24 21:15:00,Festival Theatre,-3.186007,55.946903,1986,end
343,2019-08-25 17:00:00,Festival Theatre,-3.186007,55.946903,1240,end
344,2019-08-25 22:00:00,Festival Theatre,-3.186007,55.946903,1159,end
345,2019-08-03 21:10:00,Edinburgh Playhouse,-3.18545,55.957059,1621,end
346,2019-08-04 21:10:00,Edinburgh Playhouse,-3.18545,55.957059,1006,end
347,2019-08-05 21:10:00,Edinburgh Playhouse,-3.18545,55.957059,1876,end
348,2019-08-03 12:40:00,The Queen's Hall,-3.181739,55.941633,2324,end
349,2019-08-05 12:50:00,The Queen's Hall,-3.181739,55.941633,1626,end
350,2019-08-06 12:45:00,The Queen's Hall,-3.181739,55.941633,2430,end
351,2019-08-07 12:35:00,The Queen's Hall,-3.181739,55.941633,2556,end
352,2019-08-08 12:45:00,The Queen's Hall,-3.181739,55.941633,1956,end
353,2019-08-09 12:45:00,The Queen's Hall,-3.181739,55.941633,1542,end
354,2019-08-10 12:40:00,The Queen's Hall,-3.181739,55.941633,1440,end
355,2019-08-12 12:45:00,The Queen's Hall,-3.181739,55.941633,2654,end
356,2019-08-13 12:45:00,The Queen's Hall,-3.181739,55.941633,1234,end
357,2019-08-14 12:45:00,The Queen's Hall,-3.181739,55.941633,2231,end
358,2019-08-15 12:35:00,The Queen's Hall,-3.181739,55.941633,2863,end
359,2019-08-16 12:45:00,The Queen's Hall,-3.181739,55.941633,2497,end
360,2019-08-17 12:50:00,The Queen's Hall,-3.181739,55.941633,2349,end
361,2019-08-19 12:45:00,The Queen's Hall,-3.181739,55.941633,1327,end
362,2019-08-20 12:45:00,The Queen's Hall,-3.181739,55.941633,1867,end
363,2019-08-21 12:40:00,The Queen's Hall,-3.181739,55.941633,2118,end
364,2019-08-22 12:45:00,The Queen's Hall,-3.181739,55.941633,2711,end
365,2019-08-23 12:45:00,The Queen's Hall,-3.181739,55.941633,1775,end
366,2019-08-24 12:55:00,The Queen's Hall,-3.181739,55.941633,2680,end
367,2019-08-09 21:30:00,Leith Theatre,-3.180622,55.975835,354,end
368,2019-08-10 21:30:00,Leith Theatre,-3.180622,55.975835,415,end
369,2019-08-11 21:30:00,Leith Theatre,-3.180622,55.975835,376,end
370,2019-08-13 21:30:00,Leith Theatre,-3.180622,55.975835,130,end
371,2019-08-15 21:30:00,Leith Theatre,-3.180622,55.975835,134,end
372,2019-08-16 21:30:00,Leith Theatre,-3.180622,55.975835,447,end
373,2019-08-21 21:30:00,Leith Theatre,-3.180622,55.975835,458,end
374,2019-08-22 21:30:00,Leith Theatre,-3.180622,55.975835,678,end
375,2019-08-23 21:30:00,Leith Theatre,-3.180622,55.975835,97,end
